lat,lng,alt,pres,rssi,mode,bt,log,wifi,gnss,timestamp
0,0,-17,1014.8,-43,wait,High,ON,NG,unlock,2022/09/21 08:19:44
0,0,-17,1014.8,-43,wait,High,ON,NG,unlock,2022/09/21 08:19:47
0,0,-17,1014.8,-43,wait,High,ON,NG,unlock,2022/09/21 08:19:50
0,0,-17,1014.9,-43,wait,High,ON,NG,unlock,2022/09/21 08:19:53
0,0,-17,1014.8,-43,wait,High,ON,NG,unlock,2022/09/21 08:19:56
0,0,-17,1014.9,-43,wait,High,ON,NG,unlock,2022/09/21 08:19:59
0,0,-17,1014.8,-43,wait,High,ON,NG,unlock,2022/09/21 08:20:02
0,0,-17,1014.8,-45,wait,High,ON,NG,unlock,2022/09/21 08:20:05
0,0,-17,1014.8,-45,wait,High,ON,NG,unlock,2022/09/21 08:20:08
0,0,-17,1014.8,-45,wait,High,ON,NG,unlock,2022/09/21 08:20:11
0,0,-17,1014.8,-43,wait,High,ON,NG,unlock,2022/09/21 08:20:14
0,0,-17,1014.8,-41,wait,High,ON,NG,unlock,2022/09/21 08:20:17
0,0,-17,1014.8,-42,wait,High,ON,NG,unlock,2022/09/21 08:20:20
0,0,-17,1014.8,-42,wait,High,ON,NG,unlock,2022/09/21 08:20:24
0,0,-17,1014.8,-43,wait,High,ON,NG,unlock,2022/09/21 08:20:27
0,0,-17,1014.8,-42,wait,High,ON,NG,unlock,2022/09/21 08:20:30
0,0,-17,1014.9,-42,wait,High,ON,NG,unlock,2022/09/21 08:20:33
0,0,-17,1014.8,-42,wait,High,ON,NG,unlock,2022/09/21 08:20:36
0,0,-17,1014.8,-40,wait,High,ON,NG,unlock,2022/09/21 08:20:39
0,0,-17,1014.8,-41,wait,High,ON,NG,unlock,2022/09/21 08:20:42
0,0,-17,1014.8,-40,wait,High,ON,NG,unlock,2022/09/21 08:20:45
0,0,-17,1014.8,-40,wait,High,ON,NG,unlock,2022/09/21 08:20:48
0,0,-17,1014.8,-40,wait,High,ON,NG,unlock,2022/09/21 08:20:51
0,0,-17,1014.8,-40,wait,High,ON,NG,unlock,2022/09/21 08:20:54
0,0,-17,1014.9,-40,wait,High,ON,NG,unlock,2022/09/21 08:20:57
33.217313,133.163707,3,1014.8,-42,wait,High,ON,NG,lock,2022/09/21 08:21:00
33.217281,133.163577,0,1014.8,-43,wait,High,ON,NG,lock,2022/09/21 08:21:03
33.217537,133.164117,10,1014.8,-43,wait,High,ON,NG,lock,2022/09/21 08:21:06
33.217569,133.164121,11,1014.8,-43,wait,High,ON,NG,lock,2022/09/21 08:21:09
33.217568,133.164074,11,1014.8,-42,wait,High,ON,NG,lock,2022/09/21 08:21:12
33.217557,133.164084,10,1014.8,-43,wait,High,ON,NG,lock,2022/09/21 08:21:15
33.217546,133.164092,11,1014.8,-45,wait,High,ON,NG,lock,2022/09/21 08:21:18
33.217528,133.164092,11,1014.8,-45,wait,High,ON,NG,lock,2022/09/21 08:21:21
3.217515,133.164071,10,1014.9,-45,wait,High,ON,NG,lock,2022/09/21 08:21:24
33.21751,133.164057,11,1014.8,-45,wait,High,ON,NG,lock,2022/09/21 08:21:27
33.217522,133.164025,11,1014.9,-46,wait,High,ON,NG,lock,2022/09/21 08:21:30
33.217528,133.163996,11,1014.8,-45,wait,High,ON,NG,lock,2022/09/21 08:21:33
33.217497,133.163987,11,1014.9,-46,wait,High,ON,NG,lock,2022/09/21 08:21:36
33.217471,133.164001,11,1014.9,-43,wait,High,ON,NG,lock,2022/09/21 08:21:39
33.21746,133.164014,12,1014.9,-43,wait,High,ON,NG,lock,2022/09/21 08:21:42
33.217462,133.164037,12,1014.9,-43,wait,High,ON,NG,lock,2022/09/21 08:21:45
33.217445,133.164041,12,1014.8,-45,wait,High,ON,NG,lock,2022/09/21 08:21:48
33.217438,133.164038,12,1014.9,-43,wait,High,ON,NG,lock,2022/09/21 08:21:51
33.217442,133.164036,12,1014.8,-45,wait,High,ON,NG,lock,2022/09/21 08:21:54
33.217455,133.164048,12,1014.8,-45,wait,High,ON,NG,lock,2022/09/21 08:21:57
33.217463,133.164061,12,1014.9,-45,wait,High,ON,NG,lock,2022/09/21 08:22:00
33.217472,133.164065,12,1014.8,-43,wait,High,ON,NG,lock,2022/09/21 08:22:03
33.217464,133.164073,12,1014.8,-45,wait,High,ON,NG,lock,2022/09/21 08:22:06
33.217472,133.164059,12,1014.8,-45,wait,High,ON,NG,lock,2022/09/21 08:22:09
33.217474,133.164067,12,1014.8,-43,wait,High,ON,NG,lock,2022/09/21 08:22:12
33.217485,133.164073,12,1014.8,-43,wait,High,ON,NG,lock,2022/09/21 08:22:16
33.217491,133.164074,12,1014.8,-42,wait,High,ON,NG,lock,2022/09/21 08:22:19
33.217498,133.164068,11,1014.8,-42,wait,High,ON,NG,lock,2022/09/21 08:22:22
33.217499,133.164065,11,1014.8,-43,wait,High,ON,NG,lock,2022/09/21 08:22:25
33.217471,133.164051,12,1014.8,-42,wait,High,ON,NG,lock,2022/09/21 08:22:28
33.217493,133.164064,12,1014.9,-42,wait,High,ON,NG,lock,2022/09/21 08:22:31
33.217466,133.164023,12,1014.8,-41,wait,High,ON,NG,lock,2022/09/21 08:22:34
33.217472,133.164035,12,1014.9,-43,wait,High,ON,NG,lock,2022/09/21 08:22:37
33.217466,133.164028,12,1014.8,-43,wait,High,ON,NG,lock,2022/09/21 08:22:40
33.21747,133.164049,13,1014.9,-45,wait,High,ON,NG,lock,2022/09/21 08:22:43
33.21747,133.164064,13,1014.9,-45,wait,High,ON,NG,lock,2022/09/21 08:22:46
33.217469,133.164061,13,1014.9,-45,wait,High,ON,NG,lock,2022/09/21 08:22:49
33.217478,133.164076,13,1014.9,-42,wait,High,ON,NG,lock,2022/09/21 08:22:52
33.217472,133.164086,13,1014.9,-42,wait,High,ON,NG,lock,2022/09/21 08:22:55
33.217471,133.164101,12,1014.9,-42,wait,High,ON,NG,lock,2022/09/21 08:22:58
33.217468,133.164092,12,1014.9,-42,wait,High,ON,NG,lock,2022/09/21 08:23:01
33.217466,133.164107,12,1014.9,-42,wait,High,ON,NG,lock,2022/09/21 08:23:04
33.217499,133.164167,11,1014.9,-42,wait,High,ON,NG,lock,2022/09/21 08:23:07
33.217517,133.164169,11,1014.9,-42,wait,High,ON,NG,lock,2022/09/21 08:23:10
33.217518,133.164148,11,1014.9,-43,wait,High,ON,NG,lock,2022/09/21 08:23:13
33.217519,133.164131,11,1014.9,-41,wait,High,ON,NG,lock,2022/09/21 08:23:16
33.217537,133.164148,11,1014.9,-45,wait,High,ON,NG,lock,2022/09/21 08:23:19
33.217536,133.164122,12,1014.9,-45,wait,High,ON,NG,lock,2022/09/21 08:23:22
33.217525,133.164163,12,1014.9,-41,wait,High,ON,NG,lock,2022/09/21 08:23:25
33.217524,133.164154,12,1014.9,-42,wait,High,ON,NG,lock,2022/09/21 08:23:28
33.217532,133.164143,11,1014.8,-42,wait,High,ON,NG,lock,2022/09/21 08:23:31
33.217525,133.164124,11,1014.9,-45,wait,High,ON,NG,lock,2022/09/21 08:23:34
33.21752,133.164153,11,1014.9,-43,wait,High,ON,NG,lock,2022/09/21 08:23:37
33.217543,133.16411,11,1014.8,-49,wait,High,ON,NG,lock,2022/09/21 08:23:40
33.217522,133.164068,10,1014.9,-47,wait,High,ON,NG,lock,2022/09/21 08:23:43
33.217513,133.164076,10,1014.9,-46,wait,High,ON,NG,lock,2022/09/21 08:23:46
33.217472,133.164106,9,1014.9,-45,wait,High,ON,NG,lock,2022/09/21 08:23:49
33.217476,133.164136,9,1014.9,-42,wait,High,ON,NG,lock,2022/09/21 08:23:52
33.217478,133.164124,10,1014.9,-42,wait,High,ON,NG,lock,2022/09/21 08:23:55
33.217498,133.164152,10,1014.9,-42,wait,High,ON,NG,lock,2022/09/21 08:23:58
33.217499,133.164108,9,1014.9,-45,wait,High,ON,NG,lock,2022/09/21 08:24:01
33.217423,133.164144,9,1014.9,-41,wait,High,ON,NG,lock,2022/09/21 08:24:04
33.217382,133.164165,9,1014.7,-45,wait,High,ON,NG,lock,2022/09/21 08:24:07
33.217371,133.164192,10,1014.8,-43,wait,High,ON,NG,lock,2022/09/21 08:24:10
33.217507,133.164152,9,1014.9,-41,wait,High,ON,NG,lock,2022/09/21 08:24:13
33.217549,133.164166,9,1014.8,-41,wait,High,ON,NG,lock,2022/09/21 08:24:16
33.21756,133.164037,10,1014.8,-42,wait,High,ON,NG,lock,2022/09/21 08:24:20
33.217613,133.164099,10,1014.8,-49,wait,High,ON,NG,lock,2022/09/21 08:24:23
33.217647,133.164066,10,1014.7,-53,wait,High,ON,NG,lock,2022/09/21 08:24:26
33.217606,133.164173,10,1014.8,-43,wait,High,ON,NG,lock,2022/09/21 08:24:29
33.217558,133.164205,9,1014.8,-46,wait,High,ON,NG,lock,2022/09/21 08:24:32
33.217463,133.164218,8,1014.7,-41,wait,High,ON,NG,lock,2022/09/21 08:24:35
33.217431,133.164264,8,1014.8,-42,wait,High,ON,NG,lock,2022/09/21 08:24:38
33.217431,133.16429,8,1014.8,-42,wait,High,ON,NG,lock,2022/09/21 08:24:41
33.217412,133.16434,8,1014.8,-41,wait,High,ON,NG,lock,2022/09/21 08:24:44
33.217432,133.16436,8,1014.8,-42,wait,High,ON,NG,lock,2022/09/21 08:24:47
33.21745,133.164355,8,1014.8,-39,wait,High,ON,NG,lock,2022/09/21 08:24:50
33.217441,133.164347,7,1014.8,-38,wait,High,ON,NG,lock,2022/09/21 08:24:53
33.217442,133.164356,7,1014.8,-39,wait,High,ON,NG,lock,2022/09/21 08:24:56
33.217429,133.164366,7,1014.8,-39,wait,High,ON,NG,lock,2022/09/21 08:24:59
33.217425,133.164362,7,1014.8,-39,wait,High,ON,NG,lock,2022/09/21 08:25:02
33.217427,133.164371,7,1014.8,-38,wait,High,ON,NG,lock,2022/09/21 08:25:05
33.217427,133.164363,6,1014.8,-38,wait,High,ON,NG,lock,2022/09/21 08:25:08
33.217423,133.164386,6,1014.8,-40,wait,High,ON,NG,lock,2022/09/21 08:25:11
33.21741,133.164346,6,1014.8,-39,wait,High,ON,NG,lock,2022/09/21 08:25:14
33.21736,133.164323,6,1014.7,-41,wait,High,ON,NG,lock,2022/09/21 08:25:17
33.217367,133.164317,6,1014.7,-40,wait,High,ON,NG,lock,2022/09/21 08:25:20
33.217377,133.164311,6,1014.7,-38,wait,High,ON,NG,lock,2022/09/21 08:25:23
33.217398,133.16433,6,1014.8,-39,wait,High,ON,NG,lock,2022/09/21 08:25:26
33.217378,133.164316,5,1014.7,-38,wait,High,ON,NG,lock,2022/09/21 08:25:29
33.217406,133.164319,5,1014.9,-38,wait,High,ON,NG,lock,2022/09/21 08:25:32
33.217421,133.164343,5,1014.8,-39,wait,High,ON,NG,lock,2022/09/21 08:25:35
33.217416,133.164336,6,1014.8,-38,wait,High,ON,NG,lock,2022/09/21 08:25:38
33.217397,133.164318,6,1014.8,-39,wait,High,ON,NG,lock,2022/09/21 08:25:41
33.217388,133.164277,6,1014.8,-39,wait,High,ON,NG,lock,2022/09/21 08:25:44
33.217374,133.164241,6,1014.8,-37,wait,High,ON,NG,lock,2022/09/21 08:25:47
33.217383,133.164207,6,1014.8,-41,wait,High,ON,NG,lock,2022/09/21 08:25:55
33.217385,133.164219,6,1014.7,-41,wait,High,ON,NG,lock,2022/09/21 08:25:58
33.217363,133.164219,5,1014.7,-41,wait,High,ON,NG,lock,2022/09/21 08:26:01
33.217359,133.164224,5,1014.7,-43,wait,High,ON,NG,lock,2022/09/21 08:26:04
33.217388,133.16422,6,1014.7,-40,wait,High,ON,NG,lock,2022/09/21 08:26:07
33.217412,133.164208,6,1014.8,-41,wait,High,ON,NG,lock,2022/09/21 08:26:10
33.217448,133.164199,6,1014.7,-41,wait,High,ON,NG,lock,2022/09/21 08:26:13
33.217476,133.164226,6,1014.7,-41,wait,High,ON,NG,lock,2022/09/21 08:26:16
33.217457,133.164244,7,1014.8,-41,wait,High,ON,NG,lock,2022/09/21 08:26:19
33.217443,133.164235,7,1014.8,-40,wait,High,ON,NG,lock,2022/09/21 08:26:23
33.217445,133.164235,7,1014.8,-41,wait,High,ON,NG,lock,2022/09/21 08:26:26
33.217439,133.164234,6,1014.8,-41,wait,High,ON,NG,lock,2022/09/21 08:26:29
33.217432,133.164231,5,1014.8,-40,wait,High,ON,NG,lock,2022/09/21 08:26:32
33.217434,133.164239,5,1014.8,-40,wait,High,ON,NG,lock,2022/09/21 08:26:35
33.217441,133.164205,6,1014.8,-41,wait,High,ON,NG,lock,2022/09/21 08:26:38
33.217464,133.164181,6,1014.8,-42,wait,High,ON,NG,lock,2022/09/21 08:26:41
33.217466,133.16416,6,1014.8,-41,wait,High,ON,NG,lock,2022/09/21 08:26:44
33.217521,133.164264,7,1014.8,-41,wait,High,ON,NG,lock,2022/09/21 08:26:47
33.217479,133.164317,7,1014.8,-40,wait,High,ON,NG,lock,2022/09/21 08:26:50
33.217477,133.16434,7,1014.8,-41,wait,High,ON,NG,lock,2022/09/21 08:26:53
33.217477,133.164359,8,1014.8,-41,wait,High,ON,NG,lock,2022/09/21 08:26:56
33.217472,133.164336,8,1014.8,-41,wait,High,ON,NG,lock,2022/09/21 08:26:59
33.217468,133.164328,8,1014.8,-42,wait,High,ON,NG,lock,2022/09/21 08:27:02
33.217447,133.164317,8,1014.8,-41,wait,High,ON,NG,lock,2022/09/21 08:27:05
33.217429,133.164304,9,1014.8,-40,wait,High,ON,NG,lock,2022/09/21 08:27:08
33.217433,133.164324,8,1014.8,-42,wait,High,ON,NG,lock,2022/09/21 08:27:11
33.217391,133.164335,8,1014.8,-41,wait,High,ON,NG,lock,2022/09/21 08:27:14
33.217429,133.164295,9,1014.8,-41,wait,High,ON,NG,lock,2022/09/21 08:27:17
33.217416,133.164308,8,1014.8,-41,wait,High,ON,NG,lock,2022/09/21 08:27:20
33.21744,133.164342,8,1014.8,-41,wait,High,ON,NG,lock,2022/09/21 08:27:23
33.217496,133.164348,8,1014.8,-40,wait,High,ON,NG,lock,2022/09/21 08:27:26
33.217503,133.164314,7,1014.8,-41,wait,High,ON,NG,lock,2022/09/21 08:27:29
33.217531,133.164278,7,1014.8,-40,wait,High,ON,NG,lock,2022/09/21 08:27:32
33.217527,133.164288,7,1014.8,-40,wait,High,ON,NG,lock,2022/09/21 08:27:35
33.217502,133.164313,7,1014.8,-41,wait,High,ON,NG,lock,2022/09/21 08:27:38
33.217514,133.164316,6,1014.8,-41,wait,High,ON,NG,lock,2022/09/21 08:27:41
33.217515,133.164322,6,1014.8,-40,wait,High,ON,NG,lock,2022/09/21 08:27:44
33.2175,133.164322,6,1014.8,-41,wait,High,ON,NG,lock,2022/09/21 08:27:47
33.217572,133.164319,8,1014.8,-42,wait,High,ON,NG,lock,2022/09/21 08:27:50
33.217548,133.164285,8,1014.8,-41,wait,High,ON,NG,lock,2022/09/21 08:27:53
33.217546,133.164303,8,1014.8,-41,wait,High,ON,NG,lock,2022/09/21 08:27:56
33.217545,133.164326,8,1014.8,-42,wait,High,ON,NG,lock,2022/09/21 08:27:59
33.217504,133.164401,7,1014.8,-41,wait,High,ON,NG,lock,2022/09/21 08:28:02
33.217445,133.164393,7,1014.7,-41,wait,High,ON,NG,lock,2022/09/21 08:28:06
33.217451,133.164364,7,1014.8,-42,wait,High,ON,NG,lock,2022/09/21 08:28:09
33.217452,133.164351,7,1014.8,-42,wait,High,ON,NG,lock,2022/09/21 08:28:12
33.21744,133.164304,7,1014.8,-40,wait,High,ON,NG,lock,2022/09/21 08:28:15
33.217429,133.164293,6,1014.8,-41,wait,High,ON,NG,lock,2022/09/21 08:28:18
33.217411,133.164227,5,1014.8,-41,wait,High,ON,NG,lock,2022/09/21 08:28:21
33.217432,133.164239,5,1014.8,-40,wait,High,ON,NG,lock,2022/09/21 08:28:24
33.217458,133.164232,5,1014.8,-41,wait,High,ON,NG,lock,2022/09/21 08:28:27
33.217462,133.164242,6,1014.8,-40,wait,High,ON,NG,lock,2022/09/21 08:28:30
33.217471,133.164243,5,1014.8,-42,wait,High,ON,NG,lock,2022/09/21 08:28:33
33.217468,133.164212,5,1014.8,-41,wait,High,ON,NG,lock,2022/09/21 08:28:36
33.217484,133.164217,5,1014.8,-41,wait,High,ON,NG,lock,2022/09/21 08:28:39
33.217631,133.163882,8,1014.8,-42,wait,High,ON,NG,lock,2022/09/21 08:28:42
33.217586,133.164102,7,1014.8,-41,wait,High,ON,NG,lock,2022/09/21 08:28:45
33.21751,133.164071,6,1014.8,-41,wait,High,ON,NG,lock,2022/09/21 08:28:48
33.217488,133.164073,6,1014.8,-41,wait,High,ON,NG,lock,2022/09/21 08:28:51
33.217503,133.164119,6,1014.8,-41,wait,High,ON,NG,lock,2022/09/21 08:28:54
33.217506,133.164156,6,1014.8,-41,wait,High,ON,NG,lock,2022/09/21 08:28:57
33.217509,133.16417,6,1014.8,-41,wait,High,ON,NG,lock,2022/09/21 08:29:00
33.217523,133.164197,7,1014.8,-41,wait,High,ON,NG,lock,2022/09/21 08:29:03
33.217525,133.164204,6,1014.7,-40,wait,High,ON,NG,lock,2022/09/21 08:29:06
33.217528,133.164186,7,1014.8,-41,wait,High,ON,NG,lock,2022/09/21 08:29:09
33.217534,133.164176,7,1014.8,-40,wait,High,ON,NG,lock,2022/09/21 08:29:12
33.217546,133.164167,7,1014.8,-42,wait,High,ON,NG,lock,2022/09/21 08:29:15
33.217545,133.164177,7,1014.8,-49,wait,High,ON,NG,lock,2022/09/21 08:29:18
33.217516,133.164163,7,1014.7,-43,wait,High,ON,NG,lock,2022/09/21 08:29:21
33.217492,133.164173,7,1014.7,-45,wait,High,ON,NG,lock,2022/09/21 08:29:24
33.217475,133.164187,7,1014.7,-43,wait,High,ON,NG,lock,2022/09/21 08:29:27
33.217456,133.16419,7,1014.7,-41,wait,High,ON,NG,lock,2022/09/21 08:29:30
33.217433,133.164175,8,1014.7,-43,wait,High,ON,NG,lock,2022/09/21 08:29:33
33.217435,133.164181,8,1014.7,-42,wait,High,ON,NG,lock,2022/09/21 08:29:36
33.217442,133.164215,7,1014.7,-42,wait,High,ON,NG,lock,2022/09/21 08:29:39
33.217564,133.164151,7,1014.7,-42,wait,High,ON,NG,lock,2022/09/21 08:29:42
33.217525,133.164164,7,1014.7,-42,wait,High,ON,NG,lock,2022/09/21 08:29:45
33.217516,133.164202,8,1014.7,-41,wait,High,ON,NG,lock,2022/09/21 08:29:48
33.217546,133.164224,8,1014.7,-48,wait,High,ON,NG,lock,2022/09/21 08:29:51
33.217581,133.164252,7,1014.8,-45,wait,High,ON,NG,lock,2022/09/21 08:29:54
33.217546,133.164225,6,1014.7,-43,wait,High,ON,NG,lock,2022/09/21 08:29:57
33.217525,133.164225,5,1014.8,-49,wait,High,ON,NG,lock,2022/09/21 08:30:00
33.217519,133.164211,4,1014.7,-48,wait,High,ON,NG,lock,2022/09/21 08:30:03
33.217506,133.164197,4,1014.7,-43,wait,High,ON,NG,lock,2022/09/21 08:30:06
33.21751,133.164199,5,1014.7,-45,wait,High,ON,NG,lock,2022/09/21 08:30:09
33.217524,133.164191,5,1014.7,-46,wait,High,ON,NG,lock,2022/09/21 08:30:13
33.217514,133.164205,4,1014.8,-46,wait,High,ON,NG,lock,2022/09/21 08:30:16
33.217508,133.164215,5,1014.7,-43,wait,High,ON,NG,lock,2022/09/21 08:30:19
33.217509,133.164224,4,1014.7,-45,wait,High,ON,NG,lock,2022/09/21 08:30:22
33.217499,133.164225,4,1014.7,-41,wait,High,ON,NG,lock,2022/09/21 08:30:25
33.2175,133.164236,4,1014.7,-46,wait,High,ON,NG,lock,2022/09/21 08:30:28
33.217508,133.164264,3,1014.7,-45,wait,High,ON,NG,lock,2022/09/21 08:30:31
33.217507,133.16428,3,1014.8,-45,wait,High,ON,NG,lock,2022/09/21 08:30:34
33.21751,133.164302,3,1014.7,-45,wait,High,ON,NG,lock,2022/09/21 08:30:37
33.217494,133.164314,3,1014.8,-41,wait,High,ON,NG,lock,2022/09/21 08:30:40
33.217499,133.164329,3,1014.8,-46,wait,High,ON,NG,lock,2022/09/21 08:30:43
33.217492,133.164347,2,1014.7,-39,wait,High,ON,NG,lock,2022/09/21 08:30:46
33.217487,133.164355,1,1014.8,-43,wait,High,ON,NG,lock,2022/09/21 08:30:49
33.217512,133.164353,1,1014.7,-46,wait,High,ON,NG,lock,2022/09/21 08:30:52
33.217525,133.164371,1,1014.7,-43,wait,High,ON,NG,lock,2022/09/21 08:30:55
33.217556,133.164359,2,1014.8,-42,wait,High,ON,NG,lock,2022/09/21 08:30:58
33.217556,133.164333,3,1014.8,-47,wait,High,ON,NG,lock,2022/09/21 08:31:01
33.217533,133.164307,4,1014.7,-45,wait,High,ON,NG,lock,2022/09/21 08:31:04
33.217541,133.164329,4,1014.8,-43,wait,High,ON,NG,lock,2022/09/21 08:31:07
33.217542,133.16431,4,1014.7,-47,wait,High,ON,NG,lock,2022/09/21 08:31:10
33.217559,133.164331,4,1014.7,-48,wait,High,ON,NG,lock,2022/09/21 08:31:13
33.217556,133.164344,3,1014.8,-49,wait,High,ON,NG,lock,2022/09/21 08:31:16
33.217556,133.164347,3,1014.8,-54,wait,High,ON,NG,lock,2022/09/21 08:31:19
33.217556,133.164347,3,1014.9,-57,wait,High,ON,NG,lock,2022/09/21 08:31:22
33.217651,133.164368,5,1014.9,-57,wait,High,ON,NG,lock,2022/09/21 08:31:25
33.217641,133.164367,5,1014.9,-57,wait,High,ON,NG,lock,2022/09/21 08:31:28
33.217611,133.164346,5,1014.9,-54,wait,High,ON,NG,lock,2022/09/21 08:31:31
33.217619,133.164375,4,1014.9,-55,wait,High,ON,NG,lock,2022/09/21 08:31:34
33.217594,133.164374,4,1014.9,-57,wait,High,ON,NG,lock,2022/09/21 08:31:37
33.217584,133.164345,4,1014.8,-48,wait,High,ON,NG,lock,2022/09/21 08:31:40
33.217566,133.164342,3,1014.8,-49,wait,High,ON,NG,lock,2022/09/21 08:31:43
33.217544,133.164321,3,1014.8,-50,wait,High,ON,NG,lock,2022/09/21 08:31:46
33.217557,133.164361,3,1014.8,-37,wait,High,ON,NG,lock,2022/09/21 08:31:49
33.21758,133.164231,4,1014.8,-35,wait,High,ON,NG,lock,2022/09/21 08:31:52
33.217546,133.164061,6,1014.8,-33,wait,High,ON,NG,lock,2022/09/21 08:31:55
33.217582,133.164221,7,1014.8,-35,wait,High,ON,NG,lock,2022/09/21 08:31:58
33.217586,133.164221,6,1014.8,-34,wait,High,ON,NG,lock,2022/09/21 08:32:01
33.217559,133.164122,6,1014.8,-33,wait,High,ON,NG,lock,2022/09/21 08:32:04
33.217578,133.164173,7,1014.8,-33,wait,High,ON,NG,lock,2022/09/21 08:32:07
33.217556,133.164136,7,1014.8,-32,wait,High,ON,NG,lock,2022/09/21 08:32:10
33.217587,133.16402,7,1014.8,-34,wait,High,ON,NG,lock,2022/09/21 08:32:13
33.21754,133.164041,6,1014.7,-32,wait,High,ON,NG,lock,2022/09/21 08:32:17
33.217513,133.164067,7,1014.7,-33,wait,High,ON,NG,lock,2022/09/21 08:32:20
33.21753,133.164062,6,1014.7,-47,wait,High,ON,NG,lock,2022/09/21 08:32:23
33.21759,133.164163,6,1014.7,-45,wait,High,ON,NG,lock,2022/09/21 08:32:26
33.217624,133.164169,9,1014.7,-36,wait,High,ON,NG,lock,2022/09/21 08:32:29
33.217395,133.164045,13,1014.8,-40,wait,High,ON,NG,lock,2022/09/21 08:32:32
33.21733,133.163954,15,1014.7,-36,wait,High,ON,NG,lock,2022/09/21 08:32:35
33.217607,133.163869,20,1014.8,-57,wait,High,ON,NG,lock,2022/09/21 08:32:43
33.216324,133.166043,-28,1014.8,-61,wait,High,ON,NG,lock,2022/09/21 08:32:46
33.216603,133.165739,-31,1014.7,-47,wait,High,ON,NG,lock,2022/09/21 08:32:49
33.217022,133.164955,30,1014.7,-47,wait,High,ON,NG,lock,2022/09/21 08:32:52
33.217163,133.164834,26,1014.7,-47,wait,High,ON,NG,lock,2022/09/21 08:32:55
33.217175,133.164755,30,1014.7,-48,wait,High,ON,NG,lock,2022/09/21 08:32:58
33.217135,133.164644,-29,1014.8,-31,wait,High,ON,NG,lock,2022/09/21 08:33:01
33.216906,133.164008,-23,1014.7,-34,wait,High,ON,NG,unlock,2022/09/21 08:33:04
33.217801,133.164172,-13,1014.7,-35,wait,High,ON,NG,unlock,2022/09/21 08:33:07
33.217695,133.163697,-27,1014.8,-36,wait,High,ON,NG,lock,2022/09/21 08:33:10
33.21604,133.16336,32,1014.8,-34,wait,High,ON,NG,lock,2022/09/21 08:33:13
33.220742,133.15685,8,1014.8,-41,wait,High,ON,NG,lock,2022/09/21 08:33:16
33.229728,133.142376,-25,1014.7,-41,wait,High,ON,NG,lock,2022/09/21 08:33:19
33.244948,133.107191,-24,1014.7,-38,wait,High,ON,NG,unlock,2022/09/21 08:33:22
33.209899,133.134016,0,1014.8,-31,wait,High,ON,NG,lock,2022/09/21 08:33:25
33.201955,133.127861,-16,1014.8,-32,wait,High,ON,NG,unlock,2022/09/21 08:33:28
33.161636,133.132601,9,1014.8,-29,wait,High,ON,NG,lock,2022/09/21 08:33:32
33.16453,133.120913,-28,1014.8,-30,wait,High,ON,NG,lock,2022/09/21 08:33:35
33.178863,133.115337,30,1014.8,-29,wait,High,ON,NG,lock,2022/09/21 08:33:38
33.185865,133.119142,-27,1014.8,-48,wait,High,ON,NG,lock,2022/09/21 08:33:41
33.176384,133.150979,-30,1014.8,-37,wait,High,ON,NG,lock,2022/09/21 08:33:44
33.180373,133.161478,2,1014.7,-38,wait,High,ON,NG,lock,2022/09/21 08:33:47
33.180295,133.188846,-1,1014.8,-38,wait,High,ON,NG,unlock,2022/09/21 08:33:50
33.185683,133.214031,25,1014.8,-38,wait,High,ON,NG,lock,2022/09/21 08:33:53
33.183895,133.262841,-15,1014.7,-39,wait,High,ON,NG,lock,2022/09/21 08:33:56
33.198317,133.319096,26,1014.8,-38,wait,High,ON,NG,lock,2022/09/21 08:33:59
33.202012,133.359646,16,1014.8,-40,wait,High,ON,NG,unlock,2022/09/21 08:34:02
33.204748,133.394003,-25,1014.8,-38,wait,High,ON,NG,unlock,2022/09/21 08:34:05
33.207484,133.428361,-1,1014.8,-38,wait,High,ON,NG,unlock,2022/09/21 08:34:08
33.21022,133.462719,22,1014.8,-38,wait,High,ON,NG,unlock,2022/09/21 08:34:11
33.212042,133.485626,-5,1014.8,-39,wait,High,ON,NG,unlock,2022/09/21 08:34:14
33.212042,133.485626,-5,1014.8,-41,wait,High,ON,NG,unlock,2022/09/21 08:34:17
33.212042,133.485626,-5,1014.8,-41,wait,High,ON,NG,unlock,2022/09/21 08:34:20
33.212042,133.485626,-5,1014.8,-39,wait,High,ON,NG,unlock,2022/09/21 08:34:23
33.212042,133.485626,-5,1014.8,-38,wait,High,ON,NG,unlock,2022/09/21 08:34:26
33.212042,133.485626,-5,1014.8,-38,wait,High,ON,NG,unlock,2022/09/21 08:34:29
33.212042,133.485626,-5,1014.8,-41,wait,High,ON,NG,unlock,2022/09/21 08:34:32
33.212042,133.485626,-5,1014.8,-41,wait,High,ON,NG,unlock,2022/09/21 08:34:36
33.212042,133.485626,-5,1014.8,-39,wait,High,ON,NG,unlock,2022/09/21 08:34:39
33.212042,133.485626,-5,1014.8,-37,wait,High,ON,NG,unlock,2022/09/21 08:34:42
33.212042,133.485626,-5,1014.8,-37,wait,High,ON,NG,unlock,2022/09/21 08:34:45
33.212042,133.485626,-5,1014.8,-37,wait,High,ON,NG,unlock,2022/09/21 08:34:48
33.212042,133.485626,-5,1014.8,-37,wait,High,ON,NG,unlock,2022/09/21 08:34:51
33.212042,133.485626,-5,1014.8,-38,wait,High,ON,NG,unlock,2022/09/21 08:34:54
33.212042,133.485626,-5,1014.8,-38,wait,High,ON,NG,unlock,2022/09/21 08:34:57
33.212042,133.485626,-5,1014.8,-38,wait,High,ON,NG,unlock,2022/09/21 08:35:00
33.212042,133.485626,-5,1014.8,-38,wait,High,ON,NG,unlock,2022/09/21 08:35:03
33.212042,133.485626,-5,1014.8,-37,wait,High,ON,NG,unlock,2022/09/21 08:35:06
33.212042,133.485626,-5,1014.8,-40,wait,High,ON,NG,unlock,2022/09/21 08:35:09
33.212042,133.485626,-5,1014.8,-40,wait,High,ON,NG,unlock,2022/09/21 08:35:12
33.212042,133.485626,-5,1014.8,-42,wait,High,ON,NG,unlock,2022/09/21 08:35:15
33.212042,133.485626,-5,1014.8,-42,wait,High,ON,NG,unlock,2022/09/21 08:35:18
33.213145,133.166979,30,1014.8,-48,wait,High,ON,NG,unlock,2022/09/21 08:35:21
33.204051,133.174952,9,1014.7,-46,wait,High,ON,NG,unlock,2022/09/21 08:35:24
33.194955,133.182928,-11,1014.8,-40,wait,High,ON,NG,unlock,2022/09/21 08:35:27
33.185857,133.190905,-31,1014.7,-40,wait,High,ON,NG,unlock,2022/09/21 08:35:31
33.185857,133.190905,-31,1014.7,-42,wait,High,ON,NG,unlock,2022/09/21 08:35:34
33.185857,133.190905,-31,1014.7,-41,wait,High,ON,NG,unlock,2022/09/21 08:35:37
33.185857,133.190905,-31,1014.7,-40,wait,High,ON,NG,unlock,2022/09/21 08:35:40
33.744512,133.21485,-13,1014.7,-39,wait,High,ON,NG,unlock,2022/09/21 08:35:43
33.79247,133.168416,-11,1014.8,-42,wait,High,ON,NG,lock,2022/09/21 08:35:46
33.817589,133.161658,-21,1014.7,-52,wait,High,ON,NG,unlock,2022/09/21 08:35:49
33.817589,133.161658,-21,1014.8,-43,wait,High,ON,NG,unlock,2022/09/21 08:35:52
33.817589,133.161658,-21,1014.8,-45,wait,High,ON,NG,unlock,2022/09/21 08:35:55
33.817589,133.161658,-21,1014.8,-45,wait,High,ON,NG,unlock,2022/09/21 08:35:58
33.817589,133.161658,-21,1014.8,-40,wait,High,ON,NG,unlock,2022/09/21 08:36:01
33.817589,133.161658,-21,1014.7,-47,wait,High,ON,NG,unlock,2022/09/21 08:36:04
33.817589,133.161658,-21,1014.7,-46,wait,High,ON,NG,unlock,2022/09/21 08:36:07
33.817589,133.161658,-21,1014.8,-42,wait,High,ON,NG,unlock,2022/09/21 08:36:10
33.1015748,132.9072449,-22,1014.8,-38,wait,High,ON,NG,unlock,2022/09/21 08:36:13
33.1015748,132.9072449,-22,1014.8,-39,wait,High,ON,NG,unlock,2022/09/21 08:36:16
33.1015748,132.9072449,-22,1014.8,-39,wait,High,ON,NG,unlock,2022/09/21 08:36:19
33.1015748,132.9072449,-22,1014.8,-39,wait,High,ON,NG,unlock,2022/09/21 08:36:22
33.1015748,132.9072449,-22,1014.7,-38,wait,High,ON,NG,unlock,2022/09/21 08:36:25
33.1015748,132.9072449,-22,1014.7,-37,wait,High,ON,NG,unlock,2022/09/21 08:36:28
33.1015748,132.9072449,-22,1014.7,-38,wait,High,ON,NG,unlock,2022/09/21 08:36:32
33.1015748,132.9072449,-22,1014.8,-42,wait,High,ON,NG,unlock,2022/09/21 08:36:40
33.1015748,132.9072449,-22,1014.8,-41,wait,High,ON,NG,unlock,2022/09/21 08:36:43
33.1015748,132.9072449,-22,1014.7,-48,wait,High,ON,NG,unlock,2022/09/21 08:36:46
33.1015748,132.9072449,-22,1014.8,-42,wait,High,ON,NG,unlock,2022/09/21 08:36:49
33.1015748,132.9072449,-22,1014.7,-42,wait,High,ON,NG,unlock,2022/09/21 08:36:52
33.1015748,132.9072449,-22,1014.7,-40,wait,High,ON,NG,unlock,2022/09/21 08:36:55
33.1015748,132.9072449,-22,1014.7,-39,wait,High,ON,NG,unlock,2022/09/21 08:36:58
33.1015748,132.9072449,-22,1014.7,-38,wait,High,ON,NG,unlock,2022/09/21 08:37:02
33.1142036,132.8014724,28,1014.7,-40,wait,High,ON,NG,unlock,2022/09/21 08:37:05
33.1064507,132.7887174,9,1014.8,-39,wait,High,ON,NG,unlock,2022/09/21 08:37:08
33.1179614,132.80476,-8,1014.8,-38,wait,High,ON,NG,unlock,2022/09/21 08:37:11
33.1179614,132.80476,-8,1014.8,-37,wait,High,ON,NG,unlock,2022/09/21 08:37:14
33.1511257,132.830023,21,1014.8,-38,wait,High,ON,NG,lock,2022/09/21 08:37:17
33.1620798,132.8369032,-13,1014.8,-40,wait,High,ON,NG,unlock,2022/09/21 08:37:20
33.1497646,132.8458165,29,1014.8,-35,wait,High,ON,NG,lock,2022/09/21 08:37:23
33.1438646,132.8537208,-20,1014.8,-36,wait,High,ON,NG,unlock,2022/09/21 08:37:26
33.1422939,132.8577458,17,1014.8,-37,wait,High,ON,NG,unlock,2022/09/21 08:37:35
33.1422939,132.8577458,17,1014.8,-38,wait,High,ON,NG,unlock,2022/09/21 08:37:43
33.1220867,132.9158049,-6,1014.8,-40,wait,High,ON,NG,unlock,2022/09/21 08:37:46
33.1178686,132.932534,25,1014.8,-41,wait,High,ON,NG,unlock,2022/09/21 08:37:49
33.1157592,132.9408958,9,1014.8,-40,wait,High,ON,NG,unlock,2022/09/21 08:37:52
33.1125948,132.9534348,18,1014.8,-42,wait,High,ON,NG,unlock,2022/09/21 08:37:55
33.1125948,132.9534348,18,1014.8,-39,wait,High,ON,NG,unlock,2022/09/21 08:37:58
33.1125948,132.9534348,18,1014.8,-41,wait,High,ON,NG,unlock,2022/09/21 08:38:01
33.1125948,132.9534348,18,1014.8,-42,wait,High,ON,NG,unlock,2022/09/21 08:38:04
33.1125948,132.9534348,18,1014.8,-42,wait,High,ON,NG,unlock,2022/09/21 08:38:07
33.1125948,132.9534348,18,1014.8,-40,wait,High,ON,NG,unlock,2022/09/21 08:38:16
33.1125948,132.9534348,18,1014.8,-40,wait,High,ON,NG,unlock,2022/09/21 08:38:19
33.1125948,132.9534348,18,1014.8,-39,wait,High,ON,NG,unlock,2022/09/21 08:38:22
33.1125948,132.9534348,18,1014.8,-40,wait,High,ON,NG,unlock,2022/09/21 08:38:25
33.021822,133.016533,-18,1014.8,-42,wait,High,ON,NG,lock,2022/09/21 08:52:03
33.021836,133.016552,-26,1014.9,-42,wait,High,ON,NG,lock,2022/09/21 08:52:06
33.021857,133.016612,18,1014.9,-42,wait,High,ON,NG,lock,2022/09/21 08:52:09
33.021895,133.016623,13,1014.9,-42,wait,High,ON,NG,lock,2022/09/21 08:52:12
33.021887,133.016625,19,1014.9,-42,wait,High,ON,NG,lock,2022/09/21 08:52:15
33.021945,133.016692,9,1014.9,-45,wait,High,ON,NG,lock,2022/09/21 08:52:18
33.021976,133.01673,-3,1014.9,-41,wait,High,ON,NG,lock,2022/09/21 08:52:21
33.022026,133.01681,-27,1014.9,-43,wait,High,ON,NG,lock,2022/09/21 08:52:24
33.022059,133.016991,-13,1014.9,-49,wait,High,ON,NG,lock,2022/09/21 08:52:27
33.022191,133.017171,10,1014.9,-48,wait,High,ON,NG,lock,2022/09/21 08:52:30
33.022428,133.017189,-9,1014.9,-47,wait,High,ON,NG,lock,2022/09/21 08:52:33
33.022229,133.016845,-29,1015,-47,wait,High,ON,NG,lock,2022/09/21 08:52:36
33.022113,133.016734,15,1014.9,-47,wait,High,ON,NG,lock,2022/09/21 08:52:39
33.022028,133.016666,-17,1015,-47,wait,High,ON,NG,lock,2022/09/21 08:52:42
33.021935,133.01662,-1,1014.9,-43,wait,High,ON,NG,lock,2022/09/21 08:52:45
33.021905,133.016596,14,1014.9,-45,wait,High,ON,NG,lock,2022/09/21 08:52:48
33.021888,133.016577,20,1014.8,-43,wait,High,ON,NG,lock,2022/09/21 08:52:51
33.021873,133.016566,23,1014.9,-45,wait,High,ON,NG,lock,2022/09/21 08:52:54
33.021857,133.016546,29,1015.1,-43,wait,High,ON,NG,lock,2022/09/21 08:52:57
33.021791,133.016502,-9,1014.8,-46,wait,High,ON,NG,lock,2022/09/21 08:53:01
33.021368,133.016366,-18,1014.8,-46,wait,High,ON,NG,lock,2022/09/21 08:53:22
33.021477,133.016417,6,1014.9,-45,wait,High,ON,NG,lock,2022/09/21 08:53:25
33.021539,133.016401,19,1014.8,-47,wait,High,ON,NG,lock,2022/09/21 08:53:28
33.021627,133.016418,-11,1014.9,-47,wait,High,ON,NG,lock,2022/09/21 08:53:31
33.021652,133.016426,-9,1014.9,-47,wait,High,ON,NG,lock,2022/09/21 08:53:34
33.021681,133.01644,-11,1014.9,-41,wait,High,ON,NG,lock,2022/09/21 08:53:37
33.021693,133.01644,-6,1014.8,-40,wait,High,ON,NG,lock,2022/09/21 08:53:40
33.021693,133.016426,1,1014.9,-38,wait,High,ON,NG,lock,2022/09/21 08:53:43
33.021689,133.016421,6,1014.8,-49,wait,High,ON,NG,lock,2022/09/21 08:53:46
33.021705,133.016417,6,1014.8,-41,wait,High,ON,NG,lock,2022/09/21 08:53:49
33.021715,133.016415,6,1014.9,-49,wait,High,ON,NG,lock,2022/09/21 08:53:52
33.021699,133.016417,3,1014.8,-42,wait,High,ON,NG,lock,2022/09/21 08:53:55
33.021682,133.016497,2,1015.1,-41,wait,High,ON,NG,lock,2022/09/21 08:54:25
33.021712,133.016512,-2,1015.2,-42,wait,High,ON,NG,lock,2022/09/21 08:54:28
33.021845,133.016587,-1,1014.9,-42,wait,High,ON,NG,unlock,2022/09/21 08:54:31
33.022022,133.01619,23,1015.4,-41,wait,High,ON,NG,lock,2022/09/21 08:54:34
33.022186,133.016517,-14,1015,-41,wait,High,ON,NG,lock,2022/09/21 08:54:37
33.022268,133.016707,-31,1015.4,-42,wait,High,ON,NG,lock,2022/09/21 08:54:40
33.022144,133.016667,-3,1015.4,-39,wait,High,ON,NG,lock,2022/09/21 08:54:43
33.021998,133.016552,26,1015.3,-49,wait,High,ON,NG,lock,2022/09/21 08:54:46
33.021784,133.016376,-6,1014.9,-45,wait,High,ON,NG,lock,2022/09/21 08:54:49
33.021682,133.016317,13,1015,-39,wait,High,ON,NG,lock,2022/09/21 08:54:52
33.021699,133.016331,11,1015,-47,wait,High,ON,NG,lock,2022/09/21 08:54:55
33.021908,133.016534,31,1015.3,-48,wait,High,ON,NG,lock,2022/09/21 08:54:58
33.022179,133.016765,20,1015.3,-46,wait,High,ON,NG,lock,2022/09/21 08:55:01
33.02218,133.016762,24,1015.4,-46,wait,High,ON,NG,lock,2022/09/21 08:55:04
33.022069,133.016718,-27,1015.4,-47,wait,High,ON,NG,lock,2022/09/21 08:55:08
33.021961,133.016649,-8,1014.9,-43,wait,High,ON,NG,lock,2022/09/21 08:55:11
33.021875,133.016559,17,1014.9,-47,wait,High,ON,NG,lock,2022/09/21 08:55:14
33.021822,133.016546,22,1014.9,-45,wait,High,ON,NG,lock,2022/09/21 08:55:17
33.021805,133.016536,29,1014.8,-41,wait,High,ON,NG,lock,2022/09/21 08:55:20
33.021787,133.016498,-23,1014.8,-45,wait,High,ON,NG,lock,2022/09/21 08:55:23
33.021771,133.01648,-23,1014.9,-43,wait,High,ON,NG,lock,2022/09/21 08:55:26
33.021726,133.016433,29,1014.9,-45,wait,High,ON,NG,lock,2022/09/21 08:55:29
33.021744,133.016438,-31,1014.9,-42,wait,High,ON,NG,lock,2022/09/21 08:55:32
33.027213,133.017835,28,1015.1,-41,wait,High,ON,NG,lock,2022/09/21 08:56:17
33.029047,133.01669,-27,1014.9,-40,wait,High,ON,NG,lock,2022/09/21 08:56:20
33.034979,133.016917,1,1015.4,-40,wait,High,ON,NG,lock,2022/09/21 08:56:23
33.039054,133.017723,-2,1014.9,-42,wait,High,ON,NG,lock,2022/09/21 08:56:26
33.046475,133.018222,3,1014.9,-40,wait,High,ON,NG,lock,2022/09/21 08:56:29
33.052331,133.017452,-19,1015.4,-40,wait,High,ON,NG,lock,2022/09/21 08:56:32
33.055625,133.01609,21,1015.4,-43,wait,High,ON,NG,unlock,2022/09/21 08:56:35
33.062457,133.018945,-21,1015.4,-42,wait,High,ON,NG,lock,2022/09/21 08:56:38
33.064865,133.015495,-12,1015.4,-41,wait,High,ON,NG,lock,2022/09/21 08:56:41
33.02172,133.016433,11,1015,-48,wait,High,ON,NG,lock,2022/09/21 09:01:41
33.021717,133.016431,12,1015,-46,wait,High,ON,NG,lock,2022/09/21 09:01:44
33.021711,133.016453,12,1015,-43,wait,High,ON,NG,lock,2022/09/21 09:01:47
33.021729,133.01647,13,1014.9,-45,wait,High,ON,NG,lock,2022/09/21 09:01:50
33.021728,133.016477,11,1014.9,-47,wait,High,ON,NG,lock,2022/09/21 09:01:53
33.021733,133.016478,10,1014.9,-47,wait,High,ON,NG,lock,2022/09/21 09:01:56
33.021736,133.016472,10,1014.9,-50,wait,High,ON,NG,lock,2022/09/21 09:01:59
33.02175,133.01647,13,1014.9,-51,wait,High,ON,NG,lock,2022/09/21 09:02:07
33.021747,133.016463,13,1014.9,-50,wait,High,ON,NG,lock,2022/09/21 09:02:10
33.021752,133.016461,13,1014.9,-54,wait,High,ON,NG,lock,2022/09/21 09:02:13
33.021729,133.016437,11,1015,-51,wait,High,ON,NG,lock,2022/09/21 09:02:22
33.021728,133.016439,10,1015,-51,wait,High,ON,NG,lock,2022/09/21 09:02:25
33.021735,133.016438,10,1014.9,-51,wait,High,ON,NG,lock,2022/09/21 09:02:28
33.021737,133.016436,12,1014.9,-65,wait,High,ON,NG,lock,2022/09/21 09:02:31
33.021738,133.016442,11,1015,-55,wait,High,ON,NG,lock,2022/09/21 09:02:34
33.021742,133.016448,12,1014.9,-52,wait,High,ON,NG,lock,2022/09/21 09:02:37
33.0217671,133.01645,10,1015.2,-52,wait,High,ON,NG,unlock,2022/09/21 09:35:59
33.0217671,133.01645,10,1015.2,-42,wait,High,ON,NG,unlock,2022/09/21 09:36:02
33.0217671,133.01645,10,1015.2,-46,wait,High,ON,NG,unlock,2022/09/21 09:36:05
33.0217671,133.01645,10,1015.2,-45,wait,High,ON,NG,unlock,2022/09/21 09:36:08
33.0217671,133.01645,10,1015.2,-45,wait,High,ON,NG,unlock,2022/09/21 09:36:11
33.0217671,133.01645,10,1015.2,-43,wait,High,ON,NG,unlock,2022/09/21 09:36:14
33.0217671,133.01645,10,1015.2,-43,wait,High,ON,NG,unlock,2022/09/21 09:36:17
33.0217671,133.01645,10,1015.2,-46,wait,High,ON,NG,unlock,2022/09/21 09:36:20
33.0217671,133.01645,10,1015.2,-43,wait,High,ON,NG,unlock,2022/09/21 09:36:23
33.0217671,133.01645,10,1015.2,-43,wait,High,ON,NG,unlock,2022/09/21 09:36:31
33.0217671,133.01645,10,1015.2,-45,wait,High,ON,NG,unlock,2022/09/21 09:36:34
33.0217671,133.01645,10,1015.2,-43,wait,High,ON,NG,unlock,2022/09/21 09:36:37
33.0217671,133.01645,10,1015.2,-46,wait,High,ON,NG,unlock,2022/09/21 09:36:40
33.0217671,133.01645,10,1015.2,-47,wait,High,ON,NG,unlock,2022/09/21 09:36:43
33.0217671,133.01645,10,1015.2,-46,wait,High,ON,NG,unlock,2022/09/21 09:36:46
33.0217671,133.01645,10,1015.2,-46,wait,High,ON,NG,unlock,2022/09/21 09:36:49
33.0217671,133.01645,10,1015.2,-46,wait,High,ON,NG,unlock,2022/09/21 09:36:52
33.0217671,133.01645,10,1015.2,-49,wait,High,ON,NG,unlock,2022/09/21 09:36:55
33.0217671,133.01645,10,1015.2,-47,wait,High,ON,NG,unlock,2022/09/21 09:36:58
33.0217671,133.01645,10,1015.2,-49,wait,High,ON,NG,unlock,2022/09/21 09:37:01
33.0217273,133.0164534,19,1015.2,-50,wait,High,ON,NG,unlock,2022/09/21 09:37:04
33.0217358,133.0165061,18,1015.2,-50,wait,High,ON,NG,unlock,2022/09/21 09:37:07
33.0217637,133.0164209,11,1015.2,-54,wait,High,ON,NG,lock,2022/09/21 09:37:10
33.0217689,133.0164405,17,1015.2,-50,wait,High,ON,NG,lock,2022/09/21 09:37:13
33.0217689,133.016439,17,1015.2,-49,wait,High,ON,NG,lock,2022/09/21 09:37:16
33.0217752,133.0164412,14,1015.2,-51,wait,High,ON,NG,lock,2022/09/21 09:37:19
33.0217791,133.0164377,14,1015.2,-47,wait,High,ON,NG,lock,2022/09/21 09:37:22
33.0217808,133.0164321,12,1015.2,-43,wait,High,ON,NG,lock,2022/09/21 09:37:25
33.0217704,133.0164304,11,1015.3,-42,wait,High,ON,NG,lock,2022/09/21 09:37:33
33.0217648,133.0164298,11,1015.2,-42,wait,High,ON,NG,lock,2022/09/21 09:37:36
33.0217571,133.0164282,14,1015.2,-41,wait,High,ON,NG,lock,2022/09/21 09:37:39
33.0217517,133.0164254,14,1015.3,-43,wait,High,ON,NG,lock,2022/09/21 09:37:42
33.021749,133.0164282,14,1015.2,-42,wait,High,ON,NG,lock,2022/09/21 09:37:45
33.0217712,133.0164349,3,1015.3,-42,wait,High,ON,NG,lock,2022/09/21 09:37:48
33.0218237,133.0164725,-27,1015.3,-42,wait,High,ON,NG,lock,2022/09/21 09:37:51
33.0218651,133.0164884,10,1015.3,-41,wait,High,ON,NG,lock,2022/09/21 09:37:54
33.0219106,133.0165162,-17,1015.3,-43,wait,High,ON,NG,lock,2022/09/21 09:37:57
33.0220056,133.016599,16,1015.3,-42,wait,High,ON,NG,lock,2022/09/21 09:38:01
33.0221103,133.0167035,-24,1015.3,-45,wait,High,ON,NG,lock,2022/09/21 09:38:04
33.0221372,133.0166851,-16,1015.3,-42,wait,High,ON,NG,lock,2022/09/21 09:38:07
33.022083,133.0166376,9,1015.3,-43,wait,High,ON,NG,lock,2022/09/21 09:38:10
33.022051,133.0166168,20,1015.3,-43,wait,High,ON,NG,lock,2022/09/21 09:38:13
33.0220224,133.0165983,24,1015.3,-42,wait,High,ON,NG,lock,2022/09/21 09:38:16
33.0219982,133.0165726,-23,1015.3,-47,wait,High,ON,NG,lock,2022/09/21 09:38:19
33.0219483,133.0165369,-4,1015.4,-47,wait,High,ON,NG,lock,2022/09/21 09:38:22
33.0218995,133.0164744,20,1015.4,-49,wait,High,ON,NG,lock,2022/09/21 09:38:25
33.0218834,133.0164695,-23,1015.5,-49,wait,High,ON,NG,lock,2022/09/21 09:38:28
33.0218681,133.0164658,-18,1015.5,-48,wait,High,ON,NG,lock,2022/09/21 09:38:31
33.0218351,133.0164589,-9,1015.4,-49,wait,High,ON,NG,lock,2022/09/21 09:38:34
33.0217872,133.0164414,-1,1015.5,-52,wait,High,ON,NG,lock,2022/09/21 09:38:42
33.0217705,133.0164085,8,1015.4,-54,wait,High,ON,NG,lock,2022/09/21 09:39:35
33.0217665,133.0164079,7,1015.5,-59,wait,High,ON,NG,lock,2022/09/21 09:39:43
33.0217501,133.0163912,9,1015.7,-59,wait,High,ON,NG,lock,2022/09/21 09:39:51
33.0217437,133.0163947,10,1015.6,-63,wait,High,ON,NG,lock,2022/09/21 09:39:59
33.0217421,133.0163983,11,1015.6,-59,wait,High,ON,NG,lock,2022/09/21 09:40:02
33.0217369,133.016401,11,1015.6,-54,wait,High,ON,NG,lock,2022/09/21 09:40:05
33.0217451,133.0164071,9,1015.4,-54,wait,High,ON,NG,lock,2022/09/21 09:40:08
33.0217501,133.0164072,8,1015.4,-54,wait,High,ON,NG,lock,2022/09/21 09:40:11
33.0217556,133.0164031,7,1015.4,-54,wait,High,ON,NG,lock,2022/09/21 09:40:14
33.0217545,133.016399,7,1015.4,-55,wait,High,ON,NG,lock,2022/09/21 09:40:17
33.0217521,133.0164005,7,1015.4,-53,wait,High,ON,NG,lock,2022/09/21 09:40:20
33.021751,133.0164033,7,1015.4,-54,wait,High,ON,NG,lock,2022/09/21 09:40:23
33.0217516,133.0164085,8,1015.4,-50,wait,High,ON,NG,lock,2022/09/21 09:40:31
33.0217503,133.0164024,9,1015.5,-50,wait,High,ON,NG,lock,2022/09/21 09:40:35
33.021741,133.0163878,9,1015.8,-65,wait,High,ON,NG,lock,2022/09/21 09:40:43
33.0217388,133.0163878,10,1015.8,-63,wait,High,ON,NG,lock,2022/09/21 09:40:46
33.0217252,133.0163806,12,1015.8,-83,wait,High,ON,NG,lock,2022/09/21 09:40:54
33.0217255,133.0163781,12,1015.8,-82,wait,High,ON,NG,lock,2022/09/21 09:40:57
33.0217255,133.0163847,10,1015.7,-83,wait,High,ON,NG,lock,2022/09/21 09:41:05
33.0217285,133.0163872,11,1015.7,-74,wait,High,ON,NG,lock,2022/09/21 09:41:08
33.0217288,133.0163826,11,1015.8,-66,wait,High,ON,NG,lock,2022/09/21 09:41:16
33.0217297,133.0163876,11,1015.8,-66,wait,High,ON,NG,lock,2022/09/21 09:41:19
33.0217317,133.0163928,11,1015.4,-64,wait,High,ON,NG,lock,2022/09/21 09:41:22
33.0217428,133.0164066,7,1015.4,-52,wait,High,ON,NG,lock,2022/09/21 09:41:35
33.0217188,133.0163877,9,1015.7,-66,wait,High,ON,NG,lock,2022/09/21 09:41:48
33.0217059,133.0163781,10,1015.7,-65,wait,High,ON,NG,lock,2022/09/21 09:41:56
33.0217111,133.0163776,12,1015.6,-63,wait,High,ON,NG,lock,2022/09/21 09:41:59
33.0217399,133.0164083,8,1015.4,-69,wait,High,ON,NG,lock,2022/09/21 09:42:12
33.0217498,133.0164021,7,1015.4,-63,wait,High,ON,NG,lock,2022/09/21 09:42:15
33.0217688,133.0164053,3,1015.5,-64,wait,High,ON,NG,lock,2022/09/21 09:42:28
33.0217689,133.0164003,2,1015.6,-65,wait,High,ON,NG,lock,2022/09/21 09:42:31
33.0217697,133.0164021,3,1015.4,-64,wait,High,ON,NG,lock,2022/09/21 09:42:34
33.0217715,133.0164151,4,1015.4,-65,wait,High,ON,NG,lock,2022/09/21 09:42:37
33.021778,133.0164217,5,1015.3,-71,wait,High,ON,NG,lock,2022/09/21 09:42:40
33.0217853,133.0165644,7,1015.6,-66,wait,High,ON,NG,lock,2022/09/21 09:42:59
33.0218205,133.0166016,13,1015.6,-64,wait,High,ON,NG,lock,2022/09/21 09:43:02
33.0218818,133.0167339,-29,1015.6,-84,wait,High,ON,NG,lock,2022/09/21 09:43:05
33.0219353,133.0167904,-22,1015.5,-74,wait,High,ON,NG,lock,2022/09/21 09:43:09
33.0215986,133.0165186,4,1015.2,-68,wait,High,ON,NG,lock,2022/09/21 09:44:32
33.0216278,133.0164751,-4,1015.3,-71,wait,High,ON,NG,lock,2022/09/21 09:44:35
33.0227275,133.0160895,10,1015.3,-52,wait,High,ON,NG,lock,2022/09/21 09:45:00
33.0221893,133.016011,-25,1015.6,-52,wait,High,ON,NG,lock,2022/09/21 09:45:13
33.0222106,133.0158595,10,1015.2,-50,wait,High,ON,NG,lock,2022/09/21 09:45:16
33.0222874,133.0159218,7,1015.3,-52,wait,High,ON,NG,lock,2022/09/21 09:45:19
33.02226,133.0159832,-1,1015.3,-45,wait,High,ON,NG,lock,2022/09/21 09:45:22
33.0221056,133.0161763,-1,1015.4,-47,wait,High,ON,NG,lock,2022/09/21 09:45:25
33.021966,133.0162174,-6,1015.3,-57,wait,High,ON,NG,lock,2022/09/21 09:45:28
33.0218851,133.0162236,-3,1015.3,-54,wait,High,ON,NG,lock,2022/09/21 09:45:36
33.0219773,133.016387,-22,1015.3,-51,wait,High,ON,NG,lock,2022/09/21 09:45:39
33.0218788,133.0165691,-17,1015.4,-50,wait,High,ON,NG,lock,2022/09/21 09:45:42
33.0219178,133.0166187,-12,1015.6,-51,wait,High,ON,NG,lock,2022/09/21 09:45:51
33.0218655,133.0165313,-12,1015.4,-45,wait,High,ON,NG,lock,2022/09/21 09:45:54
33.0218829,133.0165112,30,1015.6,-45,wait,High,ON,NG,lock,2022/09/21 09:46:07
33.0217954,133.0164643,-11,1015.4,-51,wait,High,ON,NG,lock,2022/09/21 09:46:15
33.0217545,133.0164826,-13,1015.3,-49,wait,High,ON,NG,lock,2022/09/21 09:46:18
33.021632,133.0165387,7,1015.2,-45,wait,High,ON,NG,lock,2022/09/21 09:46:21
33.0216608,133.0165203,5,1015.2,-49,wait,High,ON,NG,lock,2022/09/21 09:46:24
33.0218907,133.0164069,-23,1015.7,-63,wait,High,ON,NG,lock,2022/09/21 09:46:27
33.0218669,133.0164063,-18,1015.7,-58,wait,High,ON,NG,lock,2022/09/21 09:46:30
33.0218322,133.0164146,-19,1015.6,-57,wait,High,ON,NG,lock,2022/09/21 09:46:33
33.0218483,133.0165393,-30,1015.5,-57,wait,High,ON,NG,lock,2022/09/21 09:46:41
33.0220748,133.0164458,12,1015.1,-66,wait,High,ON,NG,lock,2022/09/21 09:46:44
33.0218868,133.0164394,-28,1015.4,-59,wait,High,ON,NG,lock,2022/09/21 09:46:52
33.021875,133.0164364,-22,1015.4,-55,wait,High,ON,NG,lock,2022/09/21 09:46:55
33.0218712,133.0164291,-18,1015.4,-55,wait,High,ON,NG,lock,2022/09/21 09:46:58
33.0218433,133.0164263,-13,1015.4,-53,wait,High,ON,NG,lock,2022/09/21 09:47:01
33.0218377,133.0164178,-5,1015.4,-51,wait,High,ON,NG,lock,2022/09/21 09:47:04
33.0218345,133.0163618,2,1015.4,-47,wait,High,ON,NG,lock,2022/09/21 09:47:07
33.0218266,133.0163611,5,1015.4,-48,wait,High,ON,NG,lock,2022/09/21 09:47:10
33.0217482,133.0163808,18,1015.5,-57,wait,High,ON,NG,lock,2022/09/21 09:47:23
33.0216711,133.0165655,-3,1015.9,-48,wait,High,ON,NG,lock,2022/09/21 09:47:36
33.0217814,133.0165236,-22,1015.9,-49,wait,High,ON,NG,lock,2022/09/21 09:47:44
33.0217548,133.0165883,-30,1015.9,-50,wait,High,ON,NG,lock,2022/09/21 09:47:47
33.0218324,133.0164623,3,1016,-53,wait,High,ON,NG,lock,2022/09/21 09:47:55
33.0220412,133.0164291,25,1016,-51,wait,High,ON,NG,lock,2022/09/21 09:47:59
33.0226331,133.0152164,9,1015.9,-54,wait,High,ON,NG,lock,2022/09/21 09:48:07
33.0222361,133.0157983,-16,1015.5,-50,wait,High,ON,NG,lock,2022/09/21 09:48:10
33.0223933,133.0159176,-18,1015.5,-52,wait,High,ON,NG,lock,2022/09/21 09:48:13
33.0222559,133.0160751,-16,1015.9,-53,wait,High,ON,NG,lock,2022/09/21 09:48:21
33.0221487,133.0161462,-26,1015.9,-52,wait,High,ON,NG,lock,2022/09/21 09:48:24
33.0219791,133.016243,23,1016,-48,wait,High,ON,NG,lock,2022/09/21 09:48:32
33.0219234,133.0162406,23,1015.9,-47,wait,High,ON,NG,lock,2022/09/21 09:48:35
33.0218462,133.0163069,18,1015.9,-47,wait,High,ON,NG,lock,2022/09/21 09:48:43
33.0218402,133.0163144,17,1015.6,-47,wait,High,ON,NG,lock,2022/09/21 09:48:46
33.0218288,133.0163324,15,1015.7,-49,wait,High,ON,NG,lock,2022/09/21 09:48:49
33.0218057,133.0163629,12,1015.6,-50,wait,High,ON,NG,lock,2022/09/21 09:48:52
33.0217951,133.0163653,10,1015.9,-51,wait,High,ON,NG,lock,2022/09/21 09:48:55
33.0217927,133.0163335,14,1015.5,-51,wait,High,ON,NG,lock,2022/09/21 09:48:58
33.0217819,133.0163575,12,1015.8,-48,wait,High,ON,NG,lock,2022/09/21 09:49:01
33.0217603,133.0163748,11,1016,-50,wait,High,ON,NG,lock,2022/09/21 09:49:09
33.0217715,133.0163909,11,1016,-49,wait,High,ON,NG,lock,2022/09/21 09:49:12
33.0217424,133.0163914,11,1015.5,-51,wait,High,ON,NG,lock,2022/09/21 09:49:21
33.0217431,133.0163998,10,1015.5,-47,wait,High,ON,NG,lock,2022/09/21 09:49:24
33.0217456,133.0164043,9,1015.5,-51,wait,High,ON,NG,lock,2022/09/21 09:49:32
33.0217466,133.0163999,8,1015.5,-49,wait,High,ON,NG,lock,2022/09/21 09:49:35
33.0217522,133.0163972,4,1015.5,-48,wait,High,ON,NG,lock,2022/09/21 09:49:43
33.0217506,133.0164027,3,1015.6,-48,wait,High,ON,NG,lock,2022/09/21 09:49:46
33.0217581,133.0163929,4,1015.6,-48,wait,High,ON,NG,lock,2022/09/21 09:49:54
33.0217615,133.0163927,4,1015.6,-46,wait,High,ON,NG,lock,2022/09/21 09:49:57
33.0217318,133.0163925,7,1015.6,-47,wait,High,ON,NG,lock,2022/09/21 09:50:05
33.0217372,133.0163969,8,1015.6,-47,wait,High,ON,NG,lock,2022/09/21 09:50:08
33.0217573,133.0163978,7,1015.6,-47,wait,High,ON,NG,lock,2022/09/21 09:50:21
33.0217598,133.0164126,3,1015.5,-50,wait,High,ON,NG,lock,2022/09/21 09:50:34
33.0217579,133.016418,2,1015.5,-53,wait,High,ON,NG,lock,2022/09/21 09:50:42
33.0217586,133.0164247,2,1015.5,-50,wait,High,ON,NG,lock,2022/09/21 09:50:45
33.0217706,133.0164165,3,1015.5,-54,wait,High,ON,NG,lock,2022/09/21 09:50:53
33.0217672,133.0164227,3,1015.5,-51,wait,High,ON,NG,lock,2022/09/21 09:50:56
33.021774,133.0164148,3,1015.6,-51,wait,High,ON,NG,lock,2022/09/21 09:51:04
33.0217778,133.0164109,2,1015.6,-50,wait,High,ON,NG,lock,2022/09/21 09:51:07
33.0217942,133.0164116,0,1015.3,-51,wait,High,ON,NG,lock,2022/09/21 09:51:20
33.0216074,133.0163196,26,1015.6,-50,wait,High,ON,NG,lock,2022/09/21 09:51:29
33.0214882,133.0162152,-15,1015.6,-47,wait,High,ON,NG,lock,2022/09/21 09:51:32
33.0215798,133.0162901,-29,1015.6,-51,wait,High,ON,NG,lock,2022/09/21 09:51:40
33.0215964,133.0163043,-32,1015.6,-48,wait,High,ON,NG,lock,2022/09/21 09:51:43
33.0216889,133.0163866,18,1015.5,-50,wait,High,ON,NG,lock,2022/09/21 09:51:56
33.0216619,133.0164093,27,1015.6,-49,wait,High,ON,NG,lock,2022/09/21 09:52:04
33.0217177,133.0164091,17,1015.6,-50,wait,High,ON,NG,lock,2022/09/21 09:52:07
33.0217314,133.0164185,12,1015.6,-51,wait,High,ON,NG,lock,2022/09/21 09:52:15
33.0217361,133.0164372,11,1015.6,-49,wait,High,ON,NG,lock,2022/09/21 09:52:18
33.021734,133.0164225,5,1015.5,-53,wait,High,ON,NG,lock,2022/09/21 09:52:26
33.0217338,133.0164232,4,1015.5,-49,wait,High,ON,NG,lock,2022/09/21 09:52:29
33.0217169,133.0164101,10,1015.4,-52,wait,High,ON,NG,lock,2022/09/21 09:52:37
33.0217236,133.0164042,12,1015.4,-53,wait,High,ON,NG,lock,2022/09/21 09:52:40
33.021747,133.0164122,12,1015.4,-42,wait,High,ON,NG,lock,2022/09/21 09:52:53
33.0217426,133.0164091,11,1015.4,-55,wait,High,ON,NG,lock,2022/09/21 09:53:01
33.0217461,133.0164155,12,1015.5,-71,wait,High,ON,NG,lock,2022/09/21 09:53:04
33.0217425,133.0164279,13,1016.3,-58,wait,High,ON,NG,lock,2022/09/21 09:53:12
33.0217433,133.0164292,13,1015.4,-53,wait,High,ON,NG,lock,2022/09/21 09:53:15
33.0217532,133.0164058,13,1016.8,-53,wait,High,ON,NG,lock,2022/09/21 09:53:24
33.0217494,133.016402,13,1016.2,-53,wait,High,ON,NG,lock,2022/09/21 09:53:27
33.0217463,133.0163989,14,1015.5,-52,wait,High,ON,NG,lock,2022/09/21 09:53:40
33.0217402,133.0164111,14,1015.7,-50,wait,High,ON,NG,lock,2022/09/21 09:53:48
33.0217419,133.016408,14,1016.7,-49,wait,High,ON,NG,lock,2022/09/21 09:53:51
33.021743,133.0164085,14,1015.5,-55,wait,High,ON,NG,lock,2022/09/21 09:53:59
33.0217454,133.0163977,13,1015.6,-53,wait,High,ON,NG,lock,2022/09/21 09:54:02
33.0217349,133.0164408,15,1015.6,-53,wait,High,ON,NG,lock,2022/09/21 09:54:05
33.0217152,133.0165093,12,1015.5,-53,wait,High,ON,NG,lock,2022/09/21 09:54:08
33.0217227,133.0164836,10,1015.5,-54,wait,High,ON,NG,lock,2022/09/21 09:54:11
33.0217297,133.0164792,11,1015.5,-54,wait,High,ON,NG,lock,2022/09/21 09:54:14
33.0216244,133.0166508,6,1015.5,-52,wait,High,ON,NG,lock,2022/09/21 09:54:17
33.0216689,133.0165255,11,1015.4,-54,wait,High,ON,NG,lock,2022/09/21 09:54:25
33.0216522,133.0165502,14,1015.4,-56,wait,High,ON,NG,lock,2022/09/21 09:54:28
33.0216186,133.0166175,18,1015.4,-54,wait,High,ON,NG,lock,2022/09/21 09:54:31
33.0214861,133.0169778,-32,1015.5,-55,wait,High,ON,NG,lock,2022/09/21 09:54:34
33.0213566,133.0173363,-17,1015.4,-55,wait,High,ON,NG,lock,2022/09/21 09:54:37
33.0212829,133.0174929,-6,1015.4,-54,wait,High,ON,NG,lock,2022/09/21 09:54:40
33.0214025,133.0171326,-22,1015.5,-54,wait,High,ON,NG,lock,2022/09/21 09:54:43
33.0216457,133.0165758,13,1015.4,-55,wait,High,ON,NG,lock,2022/09/21 09:54:51
33.0216548,133.0165523,12,1015.5,-55,wait,High,ON,NG,lock,2022/09/21 09:54:54
33.021642,133.016567,2,1015.4,-54,wait,High,ON,NG,lock,2022/09/21 09:55:02
33.0215269,133.0165346,-32,1015.4,-55,wait,High,ON,NG,lock,2022/09/21 09:55:06
33.0216241,133.0164911,-9,1015.4,-59,wait,High,ON,NG,lock,2022/09/21 09:55:14
33.0216755,133.0164006,-13,1015.5,-53,wait,High,ON,NG,lock,2022/09/21 09:55:17
33.021809,133.0161303,-30,1015.5,-61,wait,High,ON,NG,lock,2022/09/21 09:55:20
33.0218069,133.0161768,-15,1016.4,-57,wait,High,ON,NG,lock,2022/09/21 09:55:23
33.0217959,133.0162003,-11,1016,-55,wait,High,ON,NG,lock,2022/09/21 09:55:26
33.0217781,133.0162814,-6,1016.1,-49,wait,High,ON,NG,lock,2022/09/21 09:55:29
33.0217613,133.0163393,0,1015.8,-51,wait,High,ON,NG,lock,2022/09/21 09:55:32
33.0217633,133.0163691,5,1016.1,-54,wait,High,ON,NG,lock,2022/09/21 09:55:40
33.0217554,133.0163909,7,1016,-67,wait,High,ON,NG,lock,2022/09/21 09:55:43
33.0217561,133.016392,8,1015.2,-53,wait,High,ON,NG,lock,2022/09/21 09:55:46
33.02176,133.0163902,9,1015.2,-51,wait,High,ON,NG,lock,2022/09/21 09:55:49
33.021756,133.0163996,10,1016,-59,wait,High,ON,NG,lock,2022/09/21 09:55:52
33.0217524,133.0164089,10,1015.4,-64,wait,High,ON,NG,lock,2022/09/21 09:55:55
33.0217498,133.0164162,11,1015.7,-66,wait,Middle,ON,NG,lock,2022/09/21 09:56:06
33.0217401,133.0164148,13,1015.7,-65,wait,High,ON,NG,lock,2022/09/21 09:56:11
33.0217536,133.0164239,12,1015.5,-63,wait,High,ON,NG,lock,2022/09/21 09:56:24
33.0217503,133.0164244,12,1015.5,-63,wait,High,ON,NG,lock,2022/09/21 09:56:27
33.0217426,133.0164144,13,1015.5,-61,wait,High,ON,NG,lock,2022/09/21 09:56:35
33.0217468,133.0164137,12,1015.3,-62,wait,Middle,ON,NG,lock,2022/09/21 09:56:38
33.0217464,133.0164198,12,1015.4,-62,wait,High,ON,NG,lock,2022/09/21 09:56:41
33.0217422,133.0164288,13,1015.5,-61,wait,High,ON,NG,lock,2022/09/21 09:56:44
33.0217371,133.0164203,14,1015.5,-68,wait,High,ON,NG,lock,2022/09/21 09:56:47
33.0217558,133.0164209,11,1015.4,-65,wait,High,ON,NG,lock,2022/09/21 09:56:55
33.0217529,133.016422,10,1015.5,-65,wait,High,ON,NG,lock,2022/09/21 09:56:58
33.0217522,133.016425,10,1015.5,-65,wait,High,ON,NG,lock,2022/09/21 09:57:01
33.0217532,133.016426,10,1015.5,-61,wait,High,ON,NG,lock,2022/09/21 09:57:04
33.0217482,133.0164245,11,1016.6,-57,wait,High,ON,NG,lock,2022/09/21 09:57:07
33.0217522,133.0164232,12,1016.3,-55,wait,High,ON,NG,lock,2022/09/21 09:57:15
33.0217504,133.0164237,12,1015.9,-68,wait,High,ON,NG,lock,2022/09/21 09:57:23
33.0217513,133.0164244,12,1016,-73,wait,Middle,ON,NG,lock,2022/09/21 09:57:26
33.0217558,133.0164184,11,1016,-62,wait,High,ON,NG,lock,2022/09/21 09:57:29
